{"cameraMode":{"drawMode":0,"name":"Shaded","section":"Shading Mode"},"sceneLighting":false,"audioPlay":false,"sceneViewState":{"showFog":true,"showMaterialUpdate":false,"showSkybox":true,"showFlares":true,"showImageEffects":true,"showParticleSystems":true},"in2DMode":false,"pivot":{"x":-2.514085292816162,"y":-0.0289523396641016,"z":22.951595306396486},"rotation":{"x":0.11988988518714905,"y":-0.7197477221488953,"z":0.12857675552368165,"w":0.6717658638954163},"size":1.7447296380996705,"orthographic":true}