{"cameraMode":{"drawMode":0,"name":"Shaded","section":"Shading Mode"},"sceneLighting":false,"audioPlay":false,"sceneViewState":{"showFog":true,"showMaterialUpdate":false,"showSkybox":false,"showFlares":true,"showImageEffects":true,"showParticleSystems":true},"in2DMode":false,"pivot":{"x":1.2429230213165284,"y":0.4382359981536865,"z":0.0030175447463989259},"rotation":{"x":-0.05606399476528168,"y":-0.8777355551719666,"z":0.46301332116127016,"w":-0.11166055500507355},"size":4.715053558349609,"orthographic":true}