{"cameraMode":{"drawMode":0,"name":"Shaded","section":"Shading Mode"},"sceneLighting":false,"audioPlay":false,"sceneViewState":{"showFog":true,"showMaterialUpdate":false,"showSkybox":false,"showFlares":true,"showImageEffects":true,"showParticleSystems":true},"in2DMode":false,"pivot":{"x":-0.10517796874046326,"y":2.1716485023498537,"z":22.087852478027345},"rotation":{"x":0.04199361801147461,"y":-0.9536634683609009,"z":0.2640690803527832,"w":0.13964907824993134},"size":8.594522476196289,"orthographic":true}